{
    "is_new": true,
    "is_tracked": true,
    "timestamp": 1622547800,
    "body_list": [
        {
            "id": 1,
            "unique_object_id": "1234",
            "tracking_state": "TRACKED",
            "action_state": "MOVING",
            "position": [0.1, 0.2, 0.3],
            "velocity": [0.0, 0.0, 0.0],
            "bounding_box_2d": [[10, 10], [20, 20]],
            "confidence": 98,
            "bounding_box": [[0, 0, 0], [1, 1, 1]],
            "dimensions": [1.0, 2.0, 0.5],
            "keypoint_2d": [[100, 100], [200, 200]],
            "keypoint": [[0.1, 0.1, 0.1], [0.2, 0.2, 0.2]],
            "keypoint_cov": [0.01, 0.02],
            "head_bounding_box_2d": [[50, 50], [60, 60]],
            "head_bounding_box": [[0, 0, 0], [1, 1, 1]],
            "head_position": [0.5, 0.5, 0.5],
            "keypoint_confidence": [0.9, 0.8],
            "local_position_per_joint": [[0.0, 0.1], [0.2, 0.3]],
            "local_orientation_per_joint": [[0.1, 0.1, 0.1], [0.2, 0.2, 0.2]],
            "global_root_orientation": [0.1, 0.2, 0.3]
        },
        {
            "id": 1,
            "unique_object_id": "1234",
            "tracking_state": "TRACKED",
            "action_state": "MOVING",
            "position": [0.1, 0.2, 0.3],
            "velocity": [0.0, 0.0, 0.0],
            "bounding_box_2d": [[10, 10], [20, 20]],
            "confidence": 98,
            "bounding_box": [[0, 0, 0], [1, 1, 1]],
            "dimensions": [1.0, 2.0, 0.5],
            "keypoint_2d": [[100, 100], [200, 200]],
            "keypoint": [[0.1, 0.1, 0.1], [0.2, 0.2, 0.2]],
            "keypoint_cov": [0.01, 0.02],
        }
    ]
};
out = {
    'is_new': True,
    'is_tracked': True,
    'timestamp': 1717595086955339200,
    'body_list': [
        {
            'id': 0,
            'unique_object_id': '3395c6e0-38f0-4b9a-9e4e-5234481d2524',
            'tracking_state': 'OK',
            'action_state': 'IDLE',
            'position': [-0.10344906151294708, -0.1849086731672287, -1.9350030422210693],
            'velocity': [-0.004349931608885527, 0.00012529085506685078, -0.0003759806277230382],
            'bounding_box_2d': [
                np.array([525., 445.]),
                np.array([1125., 445.]),
                np.array([1125., 1073.]),
                np.array([525., 1073.])
            ],
            'confidence': 59.72598648071289,
            'bounding_box': [
                np.array([-0.3932509, 0.08286819, -1.5979563], dtype=np.float32),
                np.array([-0.3932509, 0.16801819, -2.1814733], dtype=np.float32),
                np.array([0.19636858, 0.15855816, -2.1828537], dtype=np.float32),
                np.array([0.19636858, 0.07340816, -1.5993367], dtype=np.float32),
                np.array([-0.4032667, -0.5283755, -1.6871524], dtype=np.float32),
                np.array([-0.4032667, -0.4432255, -2.2706692], dtype=np.float32),
                np.array([0.18635279, -0.45268553, -2.2720497], dtype=np.float32),
                np.array([0.18635279, -0.5378355, -1.6885328], dtype=np.float32)
            ],
            'dimensions': [0.589697003364563, 0.6177986264228821, 0.589697003364563],
            'keypoint_2d': [
                np.array([-1., -1.]),
                np.array([860.08026123, 781.43597412]),
                np.array([995.24530029, 752.55755615]),
                np.array([1071.99743652, 936.09295654]),
                np.array([-1., -1.]),
                np.array([725.26971436, 809.46307373]),
                np.array([584.61071777, 987.35662842]),
                np.array([587.84686279, 879.15856934]),
                np.array([1037.1550293, 1106.22363281]),
                np.array([-1., -1.]),
                np.array([-1., -1.]),
                np.array([864.93060303, 1157.06872559]),
                np.array([-1., -1.]),
                np.array([-1., -1.]),
                np.array([-1., -1.]),
                np.array([-1., -1.]),
                np.array([892.52954102, 607.7991333]),
                np.array([749.66949463, 627.76556396])
            ],
            'keypoint': [
                np.array([np.nan, np.nan, np.nan], dtype=np.float32),
                np.array([-0.09690274, -0.19305322, -1.8386862], dtype=np.float32),
                np.array([0.02926074, -0.17023611, -1.882833], dtype=np.float32),
                np.array([0.11449023, -0.3860755, -2.1087873], dtype=np.float32),
                np.array([np.nan, np.nan, np.nan], dtype=np.float32),
                np.array([-0.22347789, -0.22047925, -1.8505011], dtype=np.float32),
                np.array([-0.36180902, -0.3942177, -1.8865545], dtype=np.float32),
                np.array([-0.3876078, -0.3146009, -2.038442], dtype=np.float32),
                np.array([0.07297216, -0.5348092, -1.9883152], dtype=np.float32),
                np.array([np.nan, np.nan, np.nan], dtype=np.float32),
                np.array([np.nan, np.nan, np.nan], dtype=np.float32),
                np.array([-0.10031142, -0.58815, -1.9961174], dtype=np.float32),
                np.array([np.nan, np.nan, np.nan], dtype=np.float32),
                np.array([np.nan, np.nan, np.nan], dtype=np.float32),
                np.array([np.nan, np.nan, np.nan], dtype=np.float32),
                np.array([np.nan, np.nan, np.nan], dtype=np.float32),
                np.array([-0.07112512, -0.03393492, -1.9583476], dtype=np.float32),
                np.array([-0.21181968, -0.05353567, -1.9532087], dtype=np.float32)
            ],
            'keypoint_cov': [
                np.array([np.nan, np.nan, np.nan, np.nan, np.nan, np.nan], dtype=np.float32),
                np.array([4.6848847e-05, 5.5962657e-05, 5.3300208e-04, 1.3092783e-04,
                          1.0618664e-03, 1.0113476e-02], dtype=np.float32),
                np.array([2.2453372e-05, -1.4226503e-05, -1.5734692e-04, 1.0351247e-04,
                          9.1542996e-04, 1.0124773e-02], dtype=np.float32),
                np.array([0.00020369, -0.00061612, -0.00336534, 0.00209941, 0.01134835,
                          0.06198591], dtype=np.float32),
                np.array([np.nan, np.nan, np.nan, np.nan, np.nan, np.nan], dtype=np.float32),
                np.array([0.00016598, 0.00014556, 0.00122172, 0.00016271, 0.00120533,
                          3.5808262e-04, 2.0664571e-02], dtype=np.float32),
                np.array([2.2811572e-04, 5.4942419e-05, 2.0045319e-03, 2.4925772e-05,
                          5.0662895e-04, 1.8483968e-02], dtype=np.float32)
            ],
            'head_bounding_box_2d': [
                np.array([741., 412.]),
                np.array([985., 412.]),
                np.array([985., 720.]),
                np.array([741., 720.])
            ],
            'head_bounding_box': [
                np.array([-0.20136814, 0.13092127, -1.6771971], dtype=np.float32),
                np.array([-0.20136814, 0.16355947, -1.9008603], dtype=np.float32),
                np.array([0.02463409, 0.15993342, -1.9013895], dtype=np.float32),
                np.array([0.02463409, 0.12729523, -1.6777263], dtype=np.float32),
                np.array([-0.20599154, -0.15123504, -1.7183709], dtype=np.float32),
                np.array([-0.20599154, -0.11859687, -1.9420341], dtype=np.float32),
                np.array([0.0200107, -0.12222292, -1.9425633], dtype=np.float32),
                np.array([0.0200107, -0.15486108, -1.7189001], dtype=np.float32)
            ],
            'head_position': [-0.09067872166633606, 0.004349179565906525, -1.809880256652832],
            'keypoint_confidence': [np.nan, 99.16893005371094, 99.74337005615234, 63.188385009765625, np.nan, 97.49494934082031, 30.705965042114258, 52.69976806640625, 28.921260833740234, np.nan, np.nan, 28.948678970336914, np.nan, np.nan, np.nan, np.nan, 66.648193359375, 73.37921905517578],
            'local_position_per_joint': [],
            'local_orientation_per_joint': [],
